<?xml version="1.0" encoding="ISO-8859-1" ?>
<!DOCTYPE html 
     PUBLIC "-//W3C//DTD XHTML 1.0 Transitional//EN"
     "http://www.w3.org/TR/xhtml1/DTD/xhtml1-transitional.dtd">

<html xmlns="http://www.w3.org/1999/xhtml" xml:lang="en" lang="en">
  <head>
    <title>XML Example</title>
  </head>
  <body background="bg.png">
    <p>
      Moved to <a href="http://example.org/">example1.org</a>.
    </p>
	blaat
	<pre>
	  foo
	</pre>
    <p>
      Moved to <a href="http://example.org/">example2.org</a>.
    </p>
  </body>
</html>
